Omobranchus_ferox=Omobranchus ferox
Glossogobius_giuris = Glossogobius giuris
Animalia=Animalia
Archaea=Archaea
Bacteria=Bacteria
Chromista=Chromista
Fungi=Fungi
Plantae=Plantae
Protozoa=Protozoa
Viruses=Viruses

#Classes
#Subclasses of animalia_chordata
 Class_Actinopterygii = Actinopterygii
 Class_Amphibia = Amphibia
 Class_Appendicularia = Appendicularia
 Class_Ascidiacea = Ascidiacea
 Class_Aves = Aves
 Class_Cephalaspidomorphi = Cephalaspidomorphi
 Class_Elasmobranchii = Elasmobranchii
 Class_Holocephali = Holocephali
 Class_Leptocardii = Leptocardii
 Class_Mammalia = Mammalia/Mammals
 Class_Myxini = Myxini
 Class_Reptilia = Reptilia
 Class_Sarcopterygii = Sarcopterygii
 Class_Thaliacea = Thaliacea

#Phylum
#Subclasses of chromista
 Phylum_Acavomonidia = Acavomonidia
 Phylum_Bigyra = Bigyra
 Phylum_Cercozoa = Cercozoa
 Phylum_Ciliophora = Ciliophora
 Phylum_Cryptista = Cryptista
 Phylum_Foraminifera = Foraminifera
 Phylum_Haptophyta = Haptophyta
 Phylum_Heliozoa = Heliozoa
 Phylum_Miozoa = Miozoa
 Phylum_Ochrophyta = Ochrophyta
 Phylum_Oomycota = Oomycota
 Phylum_Picozoa = Picozoa
 Phylum_Radiozoa = Radiozoa
 Phylum_NotAssigned_Chromista = Not assigned, Chromista

#Subclasses of Fungi
 Phylum_Ascomycota = Ascomycota
 Phylum_Basidiomycota = Basidiomycota
 Phylum_Chytridiomycota = Chytridiomycota
 Phylum_Glomeromycota = Glomeromycota
 Phylum_Zygomycota = Zygomycota

#Subclasses of protozoa
 Phylum_Amoebozoa = Amoebozoa
 Phylum_Calcitarcha = Calcitarcha
 Phylum_Choanozoa = Choanozoa
 Phylum_Euglenozoa = Euglenozoa
 Phylum_Loukozoa = Loukozoa
 Phylum_Metamonada = Metamonada
 Phylum_Microsporidia = Microsporidia
 Phylum_Mycetozoa = Mycetozoa
 Phylum_Percolozoa = Percolozoa
 Phylum_Sarcomastigophora = Sarcomastigophora
brackish_water=brackish water
 Phylum_NotAssigned_Protozoa = Not assigned, Protozoa
scientific_name=scientific name
distribution=distribution
environment=habitat
synonym=synonym
type=type
common_name=common name
Phylum_Sulcozoa=Sulcozoa
The_Philippines=The Philippines
Sri_Lanka=Sri Lanka
South_Africa=South Africa
New_Guinea=New Guinea
India=India
freshwater=freshwater
marine=marine
Awaous_gutum=Awaous gutum
Euctenogobius_striatus_Day=Euctenogobius striatus Day
Acentrogobius_giuris=Acentrogobius giuris
Omobranchus_dealmeida=Omobranchus dealmeida
Gossamer_blenny=Gossamer blenny
Tank_goby=Tank goby
Cruantus_dealmeida=Cruantus dealmeida
Omobrachus_ferox=Omobranchus ferox
Phylum_Acanthocephala=Acanthocephala
Phylum_Annelida=Annelida
Phylum_Arthropoda=Arthropoda
Phylum_Brachiopoda=Brachiopoda
Phylum_Bryozoa=Bryozoa
Phylum_Chaetognatha=Chaetognatha
Phylum_Chordata=Chordata
Phylum_Cnidaria=Cnidaria
Phylum_Ctenophora=Ctenophora
Phylum_Cycliophora=Cycliophora
Phylum_Dicyemida=Dicyemida
Phylum_Echinodermata=Echinodermata
Phylum_Entoprocta=Entoprocta
Phylum_Gastrotricha=Gastrotricha
Phylum_Gnathostomulida=Gnathostomulida
Phylum_Hemichordata=Hemichordata
Phylum_Micrognathozoa=Micrognathozoa
Phylum_Mollusca=Mollusca
Phylum_Nematoda=Nematoda
Phylum_Nematomorpha=Nematomorpha
Phylum_Nemertea=Nemertea
Phylum_Onychophora=Onychophora
Phylum_Orthonectida=Orthonectida
Phylum_Phoronida=Phoronida
Phylum_Placozoa=Placozoa
Phylum_Platyhelminthes=Platyhelminthes
Phylum_Porifera=Porifera
Phylum_Rotifera=Rotifera
Phylum_Tardigrada=Tardigrada
Phylum_Xenacoelomorpha=Xenacoelomorpha
Phylum_Crenarchaeota=Crenarchaeota
Phylum_Euryarchaeota=Euryarchaeota
Phylum_Acidobacteria=Acidobacteria
Phylum_Actinobacteria=Actinobacteria
Phylum_Aquificae=Aquificae
Phylum_Armatimonadetes=Armatimonadetes
Phylum_Bacteroidetes=Bacteroidetes
Phylum_Caldiserica=Caldiserica
Phylum_Chlamydiae=Chlamydiae
Phylum_Chlorobi=Chlorobi
Phylum_Chloroflexi=Chloroflexi
Phylum_Chrysiogenetes=Chrysiogenetes
Phylum_Cyanobacteria=Cyanobacteria
Phylum_Deferribacteres=Deferribacteres
Phylum_Deinococcus-thermus=Deinococcus-thermus
Phylum_Dictyoglomi=Dictyoglomi
Phylum_Elusimicrobia=Elusimicrobia
Phylum_Fibrobacteres=Fibrobacteres
Phylum_Firmicutes=Firmicutes
Phylum_Fusobacteria=Fusobacteria
Phylum_Gemmatimonadetes=Gemmatimonadetes
Phylum_Lentisphaerae=Lentisphaerae
Phylum_Nitrospira=Nitrospira
Phylum_Planctomycetes=Planctomycetes
Phylum_Proteobacteria=Proteobacteria
Phylum_Spirochaetae=Spirochaetae
Phylum_Synergistetes=Synergistetes
Phylum_Tenericutes=Tenericutes
Phylum_Thermodesulfobacteria=Thermodesulfobacteria
Phylum_Thermotogae=Thermotogae
Phylum_Verrucomicrobia=Verrucomicrobia
Phylum_Anthocerotophyta=Anthocerotophyta
Phylum_Bryophyta=Bryophyta
Phylum_Charophyta=Charophyta
Phylum_Chlorophyta=Chlorophyta
Phylum_Glaucophyta=Glaucophyta
Phylum_Marchantiophyta=Marchantiophyta
Phylum_Rhodophyta=Rhodophyta
Phylum_Tracheophyta=Tracheophyta
Phylum_NotAssigned_Viruses=Not Assigned, Viruses
Class_Thermoprotei=Thermoprotei
Order_Perciformes=Perciformes
Family_Blenniidae=Blenniidae
Family_Gobiidae=Gobiidae
Genus_Omobranchus=Omobranchus
Genus_Glossogobius=Glossogobius
Pseudois_nayaur=Pseudois nayaur
Bhutan=Bhutan
China=China
Myanmar=Myanmar
Nepal=Nepal
Pakistan=Pakistan
terrestrial=terrestrial
Order_Artiodactyla=Artiodactyla
Family_Bovidae=Bovidae
Genus_Pseudois=Pseudois 
Muntiacus_muntjak=Muntiacus muntjak
Bangladesh=Bangladesh
scrub=scrub
forest=forest
grassland=grassland
Family_Cervidae=Cervidae
Genus_Muntiacus=Muntiacus 
Macaca_mulatta=Macaca mulatta
Thailand=Thailand
Afghanistan=Afghanistan
Vietnam=Vietnam
urban_areas=urban areas
Order_Primates=Primates
Superfamily_Cercopithecoidea=Cercopithecoidea 
Family_Cercopithecidae=Cercopithecidae
Genus_Macaca=Macaca 
Halcyon_smyrnensis=Halcyon smyrnensis
Order_Coraciiformes=Coraciiformes
Family_Alcedinidae=Alcedinidae
Genus_Halcyon=Halcyon
Spilornis_cheela=Spilornis cheela
Order_Accipitriformes=Accipitriformes
Family_Accipitridae=Accipitridae
Genus_Spilornis=Spilornis
Phyllanthus_lawii_J_Graham=Phyllanthus lawii J.Graham
river_banks=river banks
Class_Magnoliopsida=Magnoliopsida
Order_Malpighiales=Malpighiales
Family_Phyllanthaceae=Phyllanthaceae
Genus_Phyllanthus=Phyllanthus
Artocarpus_hirsutus_Lam=Artocarpus hirsutus Lam.
semi-evergreen_forests=semi-evergreen forests
deciduous_forests=deciduous forests
Order_Rosales=Rosales
Family_Moraceae=Moraceae
Genus_Artocarpus=Artocarpus
Bronchocela_danieli=Bronchocela danieli
Order_Squamata=Squamata
Family_Agamidae=Agamidae
Genus_Bronchocela=Bronchocela
